unique_words/months,8,9,10,11,12,13,14,15,16,17,18,19,20,21,22,23,24,25,26,27,28,29,30,Grand Total
0,154,155,97,98,115,94,59,28,19,19,20,7,,2,,9,1,15,,1,1,,11,905
1,38,44,36,47,66,66,22,8,21,10,11,3,1,1,,3,,1,,,,,,378
2,22,22,31,32,60,46,32,9,21,13,14,,2,1,,2,,1,1,,1,,,310
3,10,19,27,23,53,77,21,7,28,15,14,2,4,2,2,7,1,,,,,,,312
4,5,18,18,28,42,56,27,5,18,15,10,3,2,1,2,2,2,2,,,,,,256
5,5,10,10,21,40,64,19,8,29,20,6,5,3,,1,6,2,,1,,,,,250
6,3,5,9,13,40,41,20,7,32,20,10,8,4,1,3,3,5,,,1,,,,225
7,3,2,10,14,20,43,17,10,33,12,15,7,2,,2,1,1,1,3,,,,,196
8,,3,8,10,15,36,13,4,41,13,17,4,3,3,3,2,2,1,1,,,1,,180
9,2,4,1,14,14,22,15,4,42,14,13,3,5,1,1,1,3,,1,,,1,,161
10,1,1,3,4,15,33,17,3,34,20,14,10,5,1,,1,3,,,1,,,,166
11,1,1,4,8,11,30,10,3,37,12,23,8,4,4,5,,3,,,,,1,,165
12,,4,1,5,17,34,12,5,35,7,9,10,5,2,1,3,3,1,,,1,1,,156
13,1,1,1,4,5,28,10,6,31,17,11,1,3,3,3,2,4,,,,,,1,132
14,,1,2,6,11,28,7,5,30,11,14,9,6,3,,,2,1,,,1,,,137
15,,,3,2,6,23,12,4,31,15,13,3,2,1,3,2,1,,,,1,,1,123
16,,,1,3,8,21,12,5,24,20,16,11,3,2,,,1,,1,,,,,128
17,,,1,,4,24,7,3,41,18,17,7,7,1,2,,1,,1,,2,,4,140
18,1,,,2,6,20,10,8,35,18,7,10,7,2,2,,,3,,,1,,1,133
19,,1,1,2,1,19,4,3,19,7,17,7,9,3,2,2,2,,1,,,,,100
20,,,,2,4,11,3,8,27,12,15,5,5,8,2,2,,,,,1,1,,106
21,1,,,1,2,9,5,5,36,18,24,10,5,1,3,2,2,,1,,,,,125
22,,,1,1,3,19,2,3,28,9,12,11,5,1,3,1,1,,,,1,,,101
23,,,,,2,12,6,2,30,6,16,7,7,,1,4,4,3,2,,,,1,103
24,1,,,,2,11,3,2,27,4,15,2,4,5,2,3,1,1,1,,1,,2,87
25,,,2,,3,5,1,6,24,9,17,8,8,4,3,3,4,2,1,,,,3,103
26,,,,1,2,6,4,5,37,11,8,12,2,2,2,,2,3,,1,1,2,1,102
27,,,1,3,3,9,3,1,35,12,8,9,1,,1,2,1,1,2,,1,,1,94
28,,,,,1,11,1,1,18,10,15,5,4,,1,3,3,,1,,1,,1,76
29,,,,,4,5,6,4,19,6,11,4,8,3,2,7,2,1,,,1,,,83
30,,,,,2,4,2,3,20,7,12,4,3,2,2,,3,3,,,,,1,68
31,,,,1,1,11,3,1,20,6,18,10,4,4,,2,3,2,,1,,,,87
32,1,1,3,,1,6,,4,14,5,10,6,4,2,1,2,1,,1,1,,,,63
33,,,1,,,6,,1,18,12,15,3,4,,1,,7,2,1,2,,,1,74
34,,1,,,6,8,2,3,22,11,14,5,6,4,2,2,3,,2,,,,1,92
35,,,,,,8,4,2,26,4,12,6,,2,1,,6,1,1,1,,,,74
36,1,,1,,,8,2,1,16,7,11,2,7,3,3,3,,1,1,,,,2,69
37,,,,,1,2,,1,18,10,8,6,7,,2,1,1,2,1,,,1,,61
38,,,,,1,5,4,3,13,6,3,1,1,2,,4,2,1,,,,,,46
39,,,,1,,,1,1,22,10,10,2,2,1,1,,2,2,,,,,,55
40,,,,,2,5,3,,18,5,12,6,3,1,4,,,1,1,,,1,,62
41,,,,,1,3,,1,17,9,7,8,4,3,1,,5,1,,,,1,,61
42,,,,,1,2,3,2,16,6,10,11,1,3,2,3,3,1,,,,,1,65
43,,,,,,2,4,2,10,7,9,2,4,1,1,2,4,1,,,,,1,50
44,,,,,,3,,2,9,8,13,3,3,2,6,1,3,,1,,,1,2,57
45,,,,,1,5,1,1,16,5,7,4,5,4,1,1,2,3,1,,,1,2,60
46,,,,,,1,2,1,17,6,9,7,3,,,,5,1,,,,2,,54
47,,,,,,,2,,15,5,11,4,4,2,2,1,3,,,1,1,,,51
48,,,,,,,4,,21,11,6,5,1,1,,1,1,3,,1,,1,1,57
49,,,,,1,1,1,,18,8,12,3,8,2,4,1,2,4,1,,,,4,70
50,,,,,,3,1,,7,2,10,7,5,,3,,6,,,,1,,1,46
51,,,,,,1,2,,8,7,9,5,4,2,2,2,6,,,,,,,48
52,,1,,,1,2,1,1,12,5,12,7,3,,2,2,2,,2,1,,,,54
53,,,,1,,3,1,3,7,6,9,7,5,2,2,5,3,,1,,,1,1,57
54,1,,,1,1,,1,1,17,2,3,1,4,2,1,2,5,3,1,,,,,46
55,,1,,1,,2,1,,7,7,5,4,1,1,4,1,4,1,1,,1,,,42
56,,,,,1,3,,,13,8,5,3,2,,1,2,2,,,1,,,,41
57,,,,,,2,,1,11,9,5,5,1,1,2,3,2,3,,2,,,1,48
58,,1,,,,2,1,,14,6,5,4,5,1,6,4,2,2,,,,1,,54
59,,,,,1,1,2,2,13,2,5,4,3,4,1,1,5,1,1,1,,,1,48
60,,,,,,,,,10,5,9,3,4,5,3,1,2,2,,1,,,1,46
61,,,,,,2,,,10,3,5,7,3,1,,4,3,1,,,1,,1,41
62,1,1,,,,,1,2,12,8,2,1,5,1,7,1,3,,,,1,,1,47
63,,,,,1,1,1,,3,6,2,2,8,1,1,,3,2,1,,,,2,34
64,,,,,,,1,2,8,3,7,6,2,3,4,2,,,2,,,,,40
65,,,,,,,2,1,7,4,6,6,2,3,,3,2,2,,1,1,,,40
66,,,,,2,1,1,,7,4,6,6,3,2,2,1,5,3,1,,,,4,48
67,,,,,,,,,9,2,5,2,6,,,3,5,,,,,,1,33
68,,,,,,1,,,6,4,2,2,8,1,2,7,5,1,,,,,1,40
69,,,,1,,2,,1,7,1,2,3,,4,,1,2,1,,2,1,1,,29
70,,,,,,,,1,9,2,3,1,4,,,,1,2,,1,1,,2,27
71,,,,,1,,1,,11,7,4,1,3,1,3,1,4,1,,1,2,,,41
72,,,,,,,1,,4,1,7,4,5,2,,2,9,5,,1,,,2,43
73,,,,,,,2,,12,1,5,4,1,2,2,2,1,,,,2,,,34
74,,,,,,,,,13,3,3,2,,,,,3,,,,,,2,26
75,1,,,1,,,,1,11,2,6,2,4,2,,3,4,,1,,1,1,,40
76,,,,,1,1,,,10,,7,6,3,1,2,1,5,2,1,2,,,,42
77,,,,,,,,,8,2,5,4,1,2,,1,2,1,1,,1,1,2,31
78,,,1,,,,,1,4,5,1,3,3,2,1,1,3,1,2,1,1,,1,31
79,,,1,,,2,,1,9,6,3,3,1,2,,3,8,2,,1,,,1,43
80,,,,,,2,,,5,,1,1,1,2,4,6,9,,,,,,1,32
81,,,,,,,,,10,1,2,1,3,1,1,1,1,,,,,,,21
82,,,,,,,1,,8,4,5,3,3,,2,3,7,4,,,,,,40
83,,,,,,2,,,4,3,7,1,2,,,2,1,3,1,,,,,26
84,,,,,,2,,2,4,2,7,4,3,1,,,4,2,,1,,,2,34
85,,,,,,,1,,12,5,6,7,3,,2,2,3,1,,2,,1,1,46
86,,,,,,,,,5,2,1,2,1,2,3,4,6,,,2,4,2,,34
87,,,,,,,1,,4,2,6,1,2,1,2,3,3,2,1,,,,1,29
88,,,,,,,,1,6,5,6,2,1,,,3,2,,,,,1,,27
89,,,,,,,,,5,3,4,2,2,2,2,3,4,3,1,,,,2,33
90,,,,,,,,1,8,1,2,2,2,1,1,1,2,2,1,,,,,24
91,,,,,,,,,5,3,6,4,1,1,2,3,2,2,2,1,,,,32
92,,,,,,,,,3,1,3,2,2,,1,1,1,3,1,,,1,,19
93,,,,,,,,1,2,2,4,,,4,2,,1,,,1,,,1,18
94,,,,,,,,,3,,4,,,,1,2,2,,,2,1,1,1,17
95,,,,,1,,,,5,1,7,1,,1,4,1,,,3,,,1,,25
96,,,,,,1,,,4,2,2,2,,2,1,1,3,1,1,,1,,1,22
97,,,,,,,,,4,1,4,1,2,2,2,1,3,2,1,1,,,1,25
98,,,,,,,,1,5,1,4,3,,2,1,,1,4,1,,,,1,24
99,,,,,,,1,,3,2,,4,3,,2,1,1,1,,,,,1,19
100,,,,,,,1,,4,2,4,2,2,2,3,,1,1,,,2,1,,25
101,,,,,,,,,6,2,1,2,2,1,1,3,,2,,,,,,20
102,,,,,,,,1,3,1,2,1,1,,4,1,2,1,,,,1,1,19
103,,,,,,1,,,2,2,4,4,3,2,,,1,2,,1,,,2,24
104,,,,,,,,,3,2,2,5,6,1,1,2,1,2,,,1,1,,27
105,,,,,,,,2,1,,1,1,1,1,1,1,4,3,1,,1,1,,19
106,,,,,,,,1,2,1,5,3,1,2,,2,,2,,,1,1,,21
107,1,,,,,1,,,6,2,1,1,2,2,1,2,1,5,,,,1,,26
108,,,,,,,,,4,2,,1,2,,,,2,2,,,1,1,1,16
109,,,,,,,,,1,4,4,2,2,3,2,2,,,,,,,1,21
110,,,,,,,1,,3,2,2,1,2,1,,1,1,,1,,,1,,16
111,,,,,,,1,,,1,1,2,2,2,3,2,4,,,1,,1,1,21
112,,,,,,,1,,2,1,,,,4,,,,,,1,1,,,10
113,,,,,,,,,3,2,3,5,,1,2,1,,,,1,,,1,19
114,,,,,,1,1,,1,3,3,,3,,1,,4,,1,,1,,,19
115,,,,,,,,,5,2,1,3,,,2,2,2,3,,1,,,2,23
116,,,,,,,,,2,,,,2,1,4,,2,,,1,1,,,13
117,,1,,,,,,,8,2,3,1,2,5,,3,1,2,1,1,1,1,3,35
118,,,,,,1,,,2,6,6,1,2,3,,2,2,1,,,1,1,,28
119,,,,,,,,,2,3,5,1,1,1,,,5,3,1,,,1,1,24
120,,,,,,,,,6,1,5,1,,,1,,4,,,1,1,,1,21
121,,,,,,,,,2,3,5,,1,1,1,1,2,1,2,,,1,1,21
122,,,,,,,,,3,1,5,,2,,,1,3,,,,,,,15
123,,,,,,,,1,3,4,3,1,3,,,1,,,2,,,1,,19
124,,,,,,,,,1,1,4,2,1,2,2,1,4,2,,2,2,1,,25
125,,,,,,,,,1,,2,1,,,3,,1,1,1,,,,1,11
126,,,,,,,,,1,1,4,2,1,,1,1,1,3,1,,,,,16
127,,,,,1,,,,3,3,4,2,1,,2,2,3,4,,1,,1,1,28
128,,,,,,,,,,,6,2,,,1,1,3,1,,,,,1,15
129,,,,,,,,,2,3,4,2,1,,1,,1,1,,,,1,,16
130,,,,,,,,,,3,1,1,1,1,1,1,1,1,1,,,,,12
131,,,,,,,,,,1,4,3,,2,1,3,2,1,,2,,1,3,23
132,,,,,,,,,2,,1,,,1,2,,2,1,,1,1,1,2,14
133,,,1,,,,,,6,1,1,2,1,,1,1,,2,1,,,,,17
134,,,,,,,1,,1,1,2,2,2,1,1,1,,1,,,2,,1,16
135,,,,,,,1,,2,,1,3,3,,3,,5,2,,,1,,1,22
136,,,,,,,,,,1,2,1,1,1,1,,2,2,,1,,,,12
137,,,,,,,,1,1,1,1,2,1,5,,,1,1,,,,,,14
138,,,,,,,,,2,2,2,,,,2,1,1,4,,,,,,14
139,,,,,,,,,3,,1,1,3,1,,,1,4,4,1,1,,,20
140,,,,,,1,,,1,2,,1,,2,2,1,2,1,1,,,,,14
141,,,,,,,,,2,1,2,1,2,,2,,3,2,5,2,1,,,23
142,,,,,,,,,1,2,2,2,1,1,1,1,,,1,,,,1,13
143,,,,,,,,,2,,2,1,1,1,,,,2,1,,,1,,11
144,,,,,1,,,,3,1,1,3,1,,,1,2,,1,,5,1,1,21
145,,,,,,,,,3,3,3,2,2,1,2,1,2,,,1,,,2,22
146,,,,,,,,,2,2,3,1,1,,3,2,3,1,2,,,,1,21
147,,,,,,,,,,,1,1,,1,,1,3,,,1,1,,2,11
148,,,,,,,,,2,2,2,,2,1,2,2,1,4,,,2,2,1,23
149,,,,,,,,,1,3,1,,,1,1,2,2,1,,,,1,,13
150,,,,,,,,,,,4,,1,,,,4,,1,1,,1,3,15
151,,,,,,,,,1,2,3,3,1,2,2,1,2,2,,,1,,1,21
152,,,,1,,,,1,2,1,4,,2,1,,1,1,2,2,,,,1,19
153,,,,,,2,,,1,,2,1,,1,2,,,,,1,,,,10
154,,,,,1,1,,,2,,,2,,1,,2,2,,1,,,,,12
155,,,,,,,,2,2,2,1,,,,1,,2,3,,,,,,13
156,,,,,,,,,3,,2,2,1,1,1,1,3,,,,,,,14
157,,,,,,,1,,2,,1,,1,2,,,1,,2,1,,,1,12
158,,,1,,,,,,1,,2,1,1,1,,,,1,1,,,1,,10
159,,,,,,,,,1,,3,1,3,1,3,1,2,1,2,1,,1,1,21
160,,,,1,,,,,3,,1,2,,,1,1,3,1,,1,,,,14
161,,,,,,,,,1,,1,,,2,,2,,1,1,1,1,,,10
162,,,,,,1,,,1,,1,,1,1,3,,2,,1,,,,1,12
163,,,,,,,,,,2,2,2,,,,1,2,3,,1,1,,1,15
164,,,,,,1,,,3,1,3,,1,1,,1,2,,,,,,1,14
165,,,,,,1,,,2,1,2,1,1,2,,1,1,2,,,,,,14
166,,,,,1,,,,1,2,3,1,2,,,,,,,1,,,,11
167,,,,,,,,1,3,1,1,,1,,1,2,2,,,,,,,12
168,,,,,,,,,1,,,,2,1,1,1,2,1,,1,1,,,11
169,,,,1,,,,,1,1,2,1,1,,1,1,1,,1,,,1,1,13
170,,,,,,,,,1,2,2,1,2,1,1,1,2,,1,1,,,,15
171,,,,,,,,,2,,1,,1,,2,,2,,1,,,,,9
172,,,,,,,,,2,,,,,,1,,4,,2,,,,1,10
173,,,,,1,,,,1,1,,1,,2,1,,4,,,1,,3,1,16
174,,,,,,,,,2,3,5,1,2,,,1,4,3,2,1,,,,24
175,,,,,,,,,,,1,3,,1,3,3,3,,,,,,1,15
176,,,,,,,,,1,1,2,,1,,1,,2,,,,,,,8
177,,,,,,,,,1,,,3,2,,,1,,1,1,,2,,,11
178,,,,,,,,,,1,2,,,1,1,1,2,3,3,,1,,1,16
179,,,,,,,,,4,,,,,,1,1,2,,1,,,,,9
180,,,,,,1,,,1,2,,2,1,2,,,,1,,1,1,,,12
181,,,,,,,,,1,1,1,,1,1,,3,2,,,2,1,,,13
182,,,,,,,,,2,1,2,3,1,2,1,1,3,3,,,,,1,20
183,,,,,,,,,,1,1,1,1,,4,1,1,,2,1,1,,,14
184,,,,,,,,,,,,1,2,,1,1,3,2,,,,,,10
185,,,,,,,,,3,2,1,,1,2,1,1,1,1,,1,1,,,15
186,,,,,,2,,,1,,1,,,,,,3,1,4,,,1,1,14
187,,,,,,1,,,1,,2,1,1,,1,,1,4,,1,,2,,15
188,,,,,,,,,1,,2,,,2,1,,2,,2,,,2,1,13
189,,,,,,,,,,,,2,,,1,2,1,2,,1,,1,1,11
190,,,,,,,,1,1,,3,1,,1,,,,2,1,2,,,,12
191,,,,,,,,,,,1,3,1,,,1,1,1,1,1,,,2,12
192,,,,,1,,,,1,,,1,,2,,2,2,1,,,1,,2,13
193,,,,,,,,1,,1,1,2,,3,,,2,,1,,,1,1,13
194,,,,,,,,,,1,1,1,,,,2,,3,,,1,,1,10
195,,,,,,,,,,,,,1,,,1,1,,2,,,,,5
196,,,1,,,,,,1,,1,,2,,,2,2,,1,,1,1,,12
197,,,,,1,,,,,1,,,1,,1,2,1,,1,,,1,1,10
198,,,,,,1,,,,1,,,,,,1,1,2,,,2,1,1,10
199,,,,,,,,,,,1,,,,1,3,,1,1,1,,1,,9
200,,,,,,,,,1,,3,,1,,,1,1,,,,,,2,9
201,,,,,,,,,,,1,,1,,1,,2,5,,1,1,1,2,15
202,,,,,,,1,,1,,,3,1,,2,,7,,,,1,1,,17
203,,,,,,,,,,,2,,,2,1,,,2,1,,,,1,9
204,,,,,,,,,2,,1,1,1,1,,,3,2,,,1,,,12
205,,,,,,,,,,1,,1,1,1,1,,2,,,1,,,,8
206,,,,,,,,,,,2,1,1,1,,,1,,1,,,1,1,9
207,,,,,,,,,1,,2,1,2,1,1,,2,,,,,,,10
208,,,,,,,,,1,1,,,1,3,3,,,,,,,1,1,11
209,,,,,,,,,1,,4,1,,1,,,2,,1,,,,2,12
210,,,,,,,,,1,,,2,,,2,2,1,3,1,,,,,12
211,,,,,,1,,,,1,,,,2,,,1,,,,,,2,7
212,,,1,,,,,,,,3,,,,1,1,1,2,,2,1,,1,13
213,,,,,1,1,,,,,1,,,,2,,3,,1,1,1,,,11
214,,,,,,,,,,1,,,1,,,,,,1,,,,1,4
215,,,,,,,,,2,,1,,,,1,1,2,1,,1,2,,1,12
216,,,,,,,,,1,,,1,1,,,1,1,1,,3,1,,1,11
217,,,,,,,,,,,1,,2,1,1,3,2,2,1,1,1,,,15
218,,,,,,1,,,,2,1,,,1,,,2,1,,1,,,,9
219,,,,,,,,,,,2,,3,1,,,3,1,,,1,,,11
220,,,,,,,,,1,1,1,1,,,,2,2,2,,1,,2,1,14
221,,,,,,,,,1,,2,3,2,1,1,1,,3,,,,1,2,17
222,,,,,,,,,,,1,1,2,,1,1,2,,,,,,1,9
223,,,,,,,,,1,,,1,,1,,,1,3,,,1,,,8
224,,,,,,,,,,,2,,,,,1,1,1,1,,1,,,7
225,,,,,,,,,1,1,,2,1,,1,1,,1,1,2,,1,,12
226,,,,,,,,,,1,2,3,2,1,1,1,3,4,1,1,1,,,21
227,,,,,,,,,,,,1,,,,,,1,1,3,,1,,7
228,,,,,,,,,,,,1,,,1,,4,,,1,,,2,9
229,,,,,,,,,2,,,1,1,1,,,1,,1,1,,,,8
230,,,,,,,,,1,,1,3,1,,,,1,1,1,2,,,,11
231,,,,,,,,,1,,1,1,1,,2,,1,2,3,,,,2,14
232,,,,,,,,,1,1,,,,3,,,4,1,,,1,,,11
233,,,,,,,,,,,1,,,1,2,,2,1,,1,,,,8
234,,,,1,,,,,,1,1,2,2,,1,,2,3,,2,,,2,17
235,,,,1,,,,,2,,1,1,,1,,2,1,3,,1,2,,1,16
236,,,,,,,,,,,,,1,,,,2,,1,,,,2,6
237,,,,,,,,,1,,1,1,,1,,3,2,1,,,,1,,11
238,,,,,,,,,1,,,1,,,,2,,4,,1,,,,9
239,,,,,,,,,,,,2,2,,,,2,,,1,1,1,,9
240,1,,,,,,,1,2,1,,,,,1,1,1,2,,,,2,,12
241,,,,,,,,1,3,1,,,,,,,,,,,1,,1,7
242,,,,,,,,,2,,1,2,3,1,,1,1,1,1,,2,1,1,17
243,,,,,,,,,,2,,,,1,1,1,1,,,1,,,,7
244,,,,,,,,,1,,1,1,1,,1,1,2,1,,,1,1,1,12
245,,,,,,,,,1,,2,,2,,,4,2,1,2,,1,1,,16
246,,,,,,,,,,,,1,2,1,,1,,2,,,,,,7
247,,,,,,,,,1,,,,,,1,2,2,1,,1,,2,,10
248,,,,,,,,,,1,,1,,,5,,4,1,1,,,,,13
249,,,,,,,,,,,3,,,1,2,1,1,1,,,1,,,10
250,,,,,,,,,1,,1,,,,,,1,1,1,,,,,5
251,,,,,,,,,,,,1,,,,1,3,3,,,,,1,9
252,,,,,,,,,1,1,1,,4,1,1,,,2,1,,1,1,,14
253,,,,,,,,,,,1,1,,,1,,6,1,,,3,,,13
254,,,,,,,,,,,,,,,,1,2,1,,,1,,1,6
255,,,,,,,,,,,,2,2,,1,1,1,1,,1,1,,2,12
256,,,,,,,,,2,,,,3,1,1,,1,1,,,,1,,10
257,,,,,,,,,,,,1,2,1,,1,2,4,1,1,,,2,15
258,,,,,,,,,,,,,1,,1,1,1,,,,,1,1,6
259,,,,,,,,,,,,2,1,,,3,,1,,,1,1,,9
260,,,,,,,,,2,1,,2,,,,1,1,1,,1,2,,,11
261,,,,1,,,,,,2,,,2,,1,,,1,,,1,,,8
262,,,,,,,,,,,2,1,,2,,2,5,,,2,1,,1,16
263,,,,,,,,,,,,2,,,1,1,1,1,,2,1,,,9
264,,,,,,,,,,,,,1,,2,,1,1,,1,1,,1,8
265,,,,,,,,,,1,,,3,,,,1,1,1,3,,,,10
266,,,,,,,,,,,1,1,,,1,1,3,4,,,1,,,12
267,,,,,,,,,,,,,,,,,3,,1,1,1,1,2,9
268,,,,,,,,,,,1,,,,,2,3,,1,,2,,,9
269,,,,,,,,,,,2,1,,,2,,1,1,,1,,,1,9
270,,,,1,,,,,,,2,,,,,,2,1,1,2,1,,,10
271,,,,,,,,,,,,,1,,,,2,,1,1,3,1,3,12
272,,,,,,,,,1,,,1,,,1,2,1,,3,,,1,,10
273,,,,,,,,,,,2,2,1,,1,2,1,2,2,,,,3,16
274,,,,,,,,,,,,,,,1,2,4,1,2,,3,,2,15
275,,,,,,,,,1,,,,,1,1,,2,1,,1,,1,1,9
276,,,,,,,,,,,,1,1,1,,,1,1,,,1,1,1,8
277,,,,,,,,1,,,,,,,,,2,1,,,1,,1,6
278,,,,,,,,,1,,2,1,2,,2,,3,1,2,,1,,,15
279,,,,,,,,,1,,,,,,,2,1,1,,,1,,,6
280,,,,,,,,,,,,1,,,1,1,1,1,2,1,2,1,,11
281,,,,,,,,,,,1,2,1,,1,,,,,1,,,3,9
282,,,,,,,,,,,,,,,,,2,3,1,,,1,1,8
283,,,,,,,,,,,,1,,,1,,1,1,1,,1,,1,7
284,,,,,,,,,1,,1,1,1,,2,2,2,,,,1,,2,13
285,,,,,,,,,,1,1,,1,1,1,,1,5,,,,,1,12
286,,,,,,,,,,,,1,,2,,2,4,,,2,,,1,12
287,,,,,,,,,,,,,,,1,,1,,,,,,,2
288,,,,,,,,,1,,,1,,2,,,1,2,1,,2,,1,11
289,,,,,,,,,,,,,,2,1,,2,1,,,2,1,,9
290,,,,,,,,,,1,,1,,1,1,2,,,1,3,2,,2,14
291,,,,,,,,,,1,1,,,1,2,1,5,,,,,,,11
292,,,,,,,,,,,,1,1,,1,,1,3,,,2,1,,10
293,,,,,,,,,,1,1,,,,,1,1,1,1,,,,1,7
294,,,,,,,,,1,,1,,1,1,,,1,2,1,,2,,1,11
295,,,,,,,,,,,,1,1,,3,,2,1,1,2,3,,,14
296,,,,,,,,,,,,1,,1,1,2,,3,2,1,1,,1,13
297,,,,,,,,,,,,,1,2,1,1,1,,,,2,1,1,10
298,,,,,,,,,,,,1,,,,1,1,2,1,,1,1,1,9
299,,1,,,,,,,,,,,,,1,2,,,2,,,,,6
300,,,,,,,,,,,,1,,1,,1,2,1,2,2,4,,,14
301,,,,,,,,,,,2,,,,,,2,1,2,1,1,1,,10
302,,,,,,,,,,,,1,2,1,2,,1,1,1,2,1,,,12
303,,,,,,,,,,,1,,,2,1,1,,1,1,1,1,1,,10
304,,,,,,,,,1,,,,1,,,,1,,1,1,1,1,,7
305,,,,,,,,,,,,,,,,,,2,,,1,,1,4
306,,,,,,,,,,,,1,,1,,1,5,3,,,2,,2,15
307,,,,,,,,,,,,1,1,,1,4,3,2,,3,1,,1,17
308,,,,,,,,,,,,1,,,,,2,1,,,2,,3,9
309,,,,1,,,,,,,,1,1,,,1,1,2,,,,,1,8
310,,,,,,,,,,,,1,1,3,,2,2,2,1,,,,1,13
311,,,,,,,,,1,,,,1,1,,1,,2,2,,,1,,9
312,,,,,,,,,,,,1,,,1,1,,,,,1,1,1,6
313,,,,1,,1,,,,,1,2,,1,1,,4,1,,1,1,1,1,16
314,,,,,,,,,,,,1,1,,,1,4,2,,1,3,,2,15
315,,,,,,,,,1,,,,,2,1,1,3,,,,1,1,1,11
316,,,,,,,,,,,,,,,,1,2,3,1,,1,1,,9
317,,,,,,,,,,,,,,,2,1,4,1,2,1,1,,3,15
318,,,,,,,,,,,,,,,,1,3,,,2,2,1,1,10
319,,,,,,,,,,1,,,,,,1,1,1,,,,,,4
320,,,,,,,,,,,,2,1,,2,,1,,,,1,1,,8
321,,,,,,,,,,,,,,,,2,,,2,,1,,,5
322,,,,,,,,,1,1,1,1,,,,,4,3,,,2,,,13
323,,,,,1,,,,,,,,1,,1,3,2,4,,,1,,3,16
324,,,,,,,,,,1,,,,,,1,,2,2,3,4,1,1,15
325,,,,,,,,1,,,,,,,,,1,,1,1,1,,,5
326,,,,,,,,,,,1,1,,1,,2,,1,1,1,,,,8
327,,,,,,,,,,,1,,,,2,4,1,3,,,,,1,12
328,,,,,,,,,,1,,,1,,1,,3,1,,,,,1,8
329,,,,,,,,,,,,,,,1,1,1,1,,1,,,1,6
330,,,,,,,,,,,,,1,,1,,,2,,,1,,1,6
331,,,,,,,,,,,,,,,,2,2,2,,2,,,,8
332,,,,,,,,,,,,,,1,1,2,1,1,1,,,1,,8
333,,,,,,,,1,,,,,,,,,,1,1,1,3,,,7
334,,,,,,,,,,,3,1,1,1,,3,1,2,,1,2,1,,16
335,,,,,,,,,,,,,1,,,,,1,,,,,,2
336,,,,,,,,,,1,,1,,,1,2,5,,1,,1,,1,13
337,,,,,,,,,,,,1,,1,,1,1,1,,1,,,,6
338,,,,,,,,,,,,,,1,,,4,6,2,2,1,1,,17
339,,,,,,,,,,,,1,1,,,1,1,,,,1,,,5
340,,,,,,,,,,,1,1,,,1,1,2,,1,,1,,1,9
341,,,,,,,,,,,,,,,,,3,1,1,,1,1,,7
342,,,,,,,,,1,,2,1,,,1,1,,,1,1,,,,8
343,,,,,1,,,,,1,1,,,,1,,,,1,1,,2,,8
344,,,,,,,,,,2,,,1,,2,,1,1,1,,1,2,,11
345,,,,,,,,,,,,,2,,,,,2,,,,1,,5
346,,,,,,,,,,,1,,,,,2,5,1,,,,,1,10
347,,,,,,,1,,,1,1,,,,,1,,,,,1,,,5
348,,,,,,,1,,,,,,1,,,,2,,,,,,,4
349,,,,,,,,,,,,,,,2,,,1,,1,,3,1,8
350,,,,,,,,,,1,,,,,1,,5,3,,,2,1,1,14
351,,,,,,,,,,,,,,,2,,,1,2,1,,,,6
352,,,,,,,,,,,,1,,,,1,3,2,1,1,1,1,1,12
353,,,,,,,,,1,,1,,,1,,2,,,,1,1,,1,8
354,,,,,,,,,,,,,,1,,1,,2,1,,1,2,,8
355,,,,,,,,,,,1,,,,1,,2,2,,1,,,2,9
356,,,,,,,,,,,,,,1,,3,2,,,,1,,1,8
357,,,,,,,,,2,,,1,1,,,2,3,1,2,,2,,1,15
358,,,,,,,,,,,,,1,1,,,1,1,,1,2,,1,8
359,,,,,,,,,,,,1,,,,,,1,1,,2,1,,6
360,,,,,,,,,,,1,,,1,1,1,,4,1,2,2,,,13
361,,,,,,,,,,,1,1,,,3,,2,1,1,,1,1,1,12
362,,,,,,,,,,,,,,,2,1,1,,1,,1,,,6
363,,,,,1,,,,,,,1,,,2,1,2,1,1,,3,1,,13
364,,,,,,,,,,,,,,,1,,2,2,1,2,3,1,1,13
365,,,,,,,,,,,,,1,,,,2,,,,,1,1,5
366,,,,,,,,,,,,,,,1,,2,2,1,3,,,2,11
367,,,,,,,,,,,,,,1,1,1,5,1,,,1,1,1,12
368,,,,,,,,,,,,,1,1,1,,1,,1,2,1,,3,11
369,,,,,,,,,,,,,,2,1,,,2,,,5,2,1,13
370,,,,,,,,,,,,,2,,,,,,2,,2,2,1,9
371,,,,,,,1,,,,,,,,,1,1,5,,,,1,2,11
372,,,,,,,,,,,,,,1,,,,,1,1,1,1,1,6
373,,,,,,,,,,1,,,1,,1,,1,2,3,,2,3,1,15
374,,,,,,,,,,,1,,,,,,,,1,,1,,,3
375,,,,,,,,,,,,1,,2,,,1,,1,,,2,,7
376,,,,,,,,1,,,,,,1,,,,1,1,1,3,,,8
377,,,,,,,,,,,,,2,,2,1,3,4,,2,1,,,15
378,,,,,,,,,,,,,1,,,,1,1,2,1,1,,,7
379,,,,,,,,,,,,1,,,,,1,2,2,,2,1,,9
380,,,,,,,,,,,,1,1,,,,2,,2,,1,,,7
381,,,,,,,,,,,,1,,,,1,3,6,2,2,2,,1,18
382,,,,,,,,,,,,1,,,1,2,1,3,2,,2,,2,14
383,,,,,,,,,,,,1,,1,2,,,2,2,,1,,1,10
384,,,,,,,,,,,,,1,1,1,,1,,,,1,,2,7
385,,,,,1,,,,,,1,,,,,2,1,1,,1,,,2,9
386,,,,,,,,,1,,,1,,,,,1,1,,,1,1,1,7
387,,,,,,,,,,,,,,,1,2,,1,,,3,1,1,9
388,,,,,,,,1,,,,,,,2,,,,,,1,2,1,7
389,,,,,,,,,,,,,,,,,1,3,1,,1,2,2,10
390,,,,,,,,,,,,,,,,,3,2,1,2,1,,1,10
391,,,,,,,,,,,,,,,1,1,5,1,,1,3,,,12
392,,,,,,,,,,,,1,,,,,1,3,,,,,,5
393,,,,,,,,,,,,,1,1,,1,1,1,1,,1,,1,8
394,,,,,,,,1,,,,,,1,,,2,1,1,,1,,3,10
395,,,,,,,,,,,,,1,,,1,2,3,2,,1,,,10
396,,,,,,,1,,,,1,,,,1,2,2,,2,2,1,,1,13
397,,,,,,,,,,1,,,,,,,4,2,,2,2,1,1,13
398,,,,,,,,,,,,,,,1,,4,,1,1,1,1,2,11
399,,,,,,,,,,,,,,,,,4,1,,,1,,,6
400,,,,,,,,,,,,,,,1,,,1,2,1,1,,1,7
401,,,,,,,,,,,,,,1,1,1,,2,1,,2,2,3,13
402,,,,,,,,,,,,,,2,1,2,2,3,1,,2,1,1,15
403,,,,,,,,,,,,,,,1,,1,1,,,,,,3
404,,,,,,,,,1,,,,2,,,,,1,2,,3,1,1,11
405,,,,,,,,,,,,,,,1,1,1,1,5,,1,2,,12
406,,,,,,,,,,,,1,,,,2,,,2,1,,1,3,10
407,,,,,,,,,,,1,,1,,,2,,3,1,,3,,1,12
408,,,,,,,,,,,,,,,,,1,,,1,1,,,3
409,,,,,,,,,,,,,,1,,1,2,,3,,2,,1,10
410,,,,,,,,,,,,,,,2,,1,2,,1,1,,,7
411,,,,,,,,,,,,,,1,,,2,1,2,,2,,2,10
412,,,,,,,,,,,,,1,,1,1,,4,,,2,,3,12
413,,,,,,,,,,,,,2,,,,1,2,,1,2,1,1,10
414,,,,,,,,,,,1,,,,,,,2,1,1,3,,1,9
415,,,,,,,,,,,,,,1,,2,1,2,1,,,,1,8
416,,,,,,,,,,,,,,,,,,1,1,,4,,,6
417,,,,,,,,,,,,,,,,,3,4,2,,1,3,,13
418,,,,,,,,,,,,,,,,,1,,2,,1,,2,6
419,,,,,,,,,,,,,,,,,2,,,,1,1,1,5
420,,,,,,,,,,,,,,1,,,2,3,1,2,1,2,,12
421,,,,,,,,,1,,,,,1,,2,1,4,1,1,,,3,14
422,,,,,,,,,,,,,,1,1,,,,,1,,1,,4
423,,,,,,,,,,,,,,,1,1,4,2,,1,1,3,,13
424,,,,,,,,,,,,,,,,1,3,,,1,3,2,1,11
425,,,,,,,,,,,,,,,1,,1,1,1,1,3,,1,9
426,,,,,,,,,,,,,1,1,1,,1,3,,,2,,3,12
427,,,,,,,,,,,,,,,,,4,1,,,,,2,7
428,,,,,,,,,,,,,,,,,4,,3,,,,,7
429,,,,,,,,,,,,,1,,,1,1,,,1,2,1,,7
430,,,,,,,,,,,,,,1,,,,2,1,,,,1,5
431,,,,,,,,,,,,,,,,1,1,1,1,1,1,,1,7
432,,,,,,,,,,,,1,,1,,1,4,,,2,3,,,12
433,,,,,,,,,,,,,,1,1,,2,,,1,4,,,9
434,,,,,,,,,,,,1,,,,,2,2,,,3,2,2,12
435,,,,,,,,,,,,,2,,,,2,1,3,,2,,,10
436,,,,,,,,,,,,1,,,,,1,1,2,,1,,1,7
437,,,,,,,,,,,,,,,,1,1,2,1,,2,,,7
438,,,,,,,,,,,,,,,,1,1,1,1,,1,3,,8
439,,,,,,,,,,,1,,1,,,2,1,2,2,,3,,,12
440,,,,,,,,,,,,,,,,,2,2,,,,,1,5
441,,,,,,,,,,,,,,,,1,,1,,,2,1,3,8
442,,,,,,,,,,,,,,,1,3,1,1,1,,3,1,2,13
443,,,,,,,,,,,1,,,,3,,,1,,,,1,1,7
444,,,,,,,,,,,,,,,,,2,1,2,,5,,2,12
445,,,,,,,,,,,,,,1,1,,,1,,1,5,,1,10
446,,,,,,,,,,,,,1,,,1,1,5,1,,,,,9
447,,,,,,,,,,,,,,,,1,,1,2,,4,1,,9
448,,,,,,,,,,,,,,,1,1,,3,,,6,,1,12
449,,,,,,,,,,,,,,,,,2,2,1,,2,,1,8
450,,,,,,,,,,,,,1,,,,1,1,,,2,1,,6
451,,,,,,,,,,,,1,,,1,,3,1,3,,2,,1,12
452,,,,,,,,,,,,,,2,1,,3,2,1,2,1,,2,14
453,,,,,,,,,,,,1,,,,,1,,1,,2,1,1,7
454,,,,,,,,,,,1,2,,1,,1,3,2,2,,1,,,13
455,,,,,,,,,,,,,,1,,,1,1,2,1,4,1,,11
456,,,,,,,,,,,,,1,,,3,1,1,1,2,1,,4,14
457,,,,,,,,,,,,,,,,,1,1,1,1,1,2,2,9
458,,,,,,,,,,,,1,,,,,,,1,1,4,,1,8
459,,,,,,,,,,,,,1,,1,1,,,3,2,2,1,4,15
460,,,,,,,,,,,,,,,,,1,1,,,4,1,1,8
461,,,,,,,,,,,,,,,,,5,,1,1,3,,,10
462,,,,,,,,,,,,,,,,1,,1,2,,2,3,4,13
463,,,,,,,,,,,,1,,,,1,1,,1,,3,2,,9
464,,,,,,,,,,,,,,,1,,,2,1,1,1,1,,7
465,,,,,,,,,,,,,,,1,,2,,,,2,,2,7
466,,,,,,,,,,,,1,,,,2,,2,,1,2,,2,10
467,,,,,,,,,,,1,,,,,1,1,2,,,1,,2,8
468,,,,,,,,,,,,,,,,,,2,2,,4,2,1,11
469,,,,,,,,,,,,,,,,,1,1,,,2,1,1,6
470,,,,,,,,,,,,,,1,,,,3,1,1,3,1,1,11
471,,,,,,,,,,,,2,,1,1,1,2,1,2,,1,,1,12
472,,,,,,,,,,,,1,,,,4,4,1,,1,3,1,1,16
473,,,,,,,,,,,,,,,,1,,2,,,3,1,,7
474,,,,,,,,,,,,,,,,,6,3,,,3,,3,15
475,,,,,,,,,,,,,1,,,1,2,1,,,4,2,1,12
476,,,,,,,,,,,,1,,1,1,,,1,1,,1,1,1,8
477,,,,,,,,,,,,,,,,1,2,1,1,,1,,,6
478,,,,,,,,,,,,1,,,,2,,2,1,2,1,2,1,12
479,,,,,,,,,,,,,,,,1,2,3,,1,3,1,1,12
480,,,,,,,,,,,,1,1,1,,,2,3,,1,2,2,3,16
481,,,,,,,,,,,,,,1,,,,1,1,,,1,,4
482,,,,,,,,,,,,,,,1,,,2,,1,2,,2,8
483,,,,,,,,,,,,1,,,2,1,1,1,1,,2,1,3,13
484,,,,,,,,,,,,,,,,,1,1,1,1,,1,2,7
485,,,,,,,,,1,,,,1,1,,1,5,,,1,1,,1,12
486,,,,,,,,,,,,,,,,,1,2,,,3,1,2,9
487,,,,,,,,,,,,,1,,,,1,,,,1,2,2,7
488,,,,,,,,,,1,,,,,1,1,,2,1,,1,,1,8
489,,,,,,,,,,,,,,,,,,2,,1,2,,3,8
490,,,,,,,,,,,,1,1,,,1,2,1,,3,4,3,1,17
491,,,,,,,,,,,,,1,,,1,1,1,,,2,,1,7
492,,,,,,,,,,,,1,,,,,4,2,,1,2,,1,11
493,,,,,,,,,,,,,,,,1,1,1,1,,1,,,5
494,,,,,,,,,,,,,,,,,2,2,,2,2,,1,9
495,,,,,,,,,,,,,,,1,1,2,3,,1,2,,,10
496,,,,,,,,,,,,1,,,1,,2,2,,,1,1,2,10
497,,,,,,,,,,,,,,,,,,4,,,4,,3,11
498,,,,,,,,,,,,,,1,,,3,1,1,,3,1,1,11
499,,,,,,,,,,,,,,,,1,,1,,1,1,,,4
500,,,,,,,,,,,,,,,1,,1,,,,3,,1,6
501,,,,,,,,,,,,,,,,1,1,2,,1,1,,,6
502,,,,,,,,,,,1,,,,,,4,,2,1,6,1,,15
503,,,,,,,,,,,,2,,,,2,2,1,1,1,3,,3,15
504,,,,,,,,,,,,,,,,1,3,2,,,3,,1,10
505,,,,,,,,,,,,,,,,1,2,1,,1,1,1,2,9
506,,,,,,,,,,,,,,,,,,,1,,5,2,2,10
507,,,,,,,,,,,,,,,,,1,3,1,2,1,2,1,11
508,,,,,,,,,,,1,,,,,,1,2,1,1,1,,6,13
509,,,,,,,,,,,,,,,,,1,1,1,,3,,,6
510,,,,,,,,,,,,,,,,,2,,1,,2,2,1,8
511,,,,,,,,,,,,,,,1,,1,,,,,1,3,6
512,,,,,,,,,,,,,,,,2,,,,,3,,2,7
513,,,,,,,,,,,,1,,,,,,2,,1,3,1,1,9
514,,,,,,,,,,,,,,,1,,2,1,,1,1,,3,9
515,,,,,,,,,,,,,,,1,,3,1,,,1,,,6
516,,,,,,,,,,,,,,,,,,,1,,4,,,5
517,,,,,,,,,,,1,,,,,,3,2,,,2,,6,14
518,,,,,,,,,,,,,,,1,,1,1,,,,,2,5
519,,,,,,,,,,,,,,,,,3,2,,,3,,2,10
520,,,,,,,,,,,,,,,,,1,1,1,,2,1,1,7
521,,,,,,,,,,,,,,,,,,2,,1,3,,,6
522,,,,,,,,,,,,,,,,1,2,3,1,,4,1,5,17
523,,,,,,,,,,,,,,,1,,1,1,,1,1,1,1,7
524,,,,,,,,,,,,,,,1,,1,1,,1,,2,1,7
525,,,,,,,,,,,,,,1,,,1,,,1,3,1,,7
526,,,,,,,,,,,,,,,,,,2,,,2,2,,6
527,,,,,,,,,,,,,,,,,4,,2,1,2,2,2,13
528,,,,,,,,,,,,,,,1,,1,4,1,1,,1,1,10
529,,,,,,,,,,,,,1,,,,1,,1,,1,1,2,7
530,,,,,,,,,,,,,,,,1,1,,,1,6,1,1,11
531,,,,,,,,,,,,,,,,1,4,,1,1,2,,2,11
532,,,,,,,,,,,,,,1,,1,1,1,1,2,1,1,1,10
533,,,,,,,,,,,,,,,,1,,1,,,1,,1,4
534,,,,,,,,,,,,,,,,,2,2,,,1,1,1,7
535,,,,,,,,,,,,1,,,,1,1,1,,,,,2,6
536,,,,,,,,,,,,,,,,,1,,,,3,2,3,9
537,,,,,,,,,,,,,,1,,2,,1,,,1,2,2,9
538,,,,,,,,,,,,,1,,,,,1,,2,2,,,6
539,,,,,,,,,,,,,,,,,3,1,2,1,2,,2,11
540,,,,,,,,,,,,,,,,,1,1,,,2,,1,5
541,,,,,,,,,,,,,,,,1,1,,1,2,2,2,2,11
542,,,,,,,,,,,,,,,,1,1,2,,1,2,1,2,10
543,,,,,,,,,,,,,,,,,2,1,1,,4,1,2,11
544,,,,,,,,,,,,,1,,1,1,,,,1,3,2,3,12
545,,,,,,,,,,,,,,,,1,3,1,2,,,2,1,10
546,,,,,,,,,,,,,,1,,,1,1,1,,3,,3,10
547,,,,,,,,,,,,1,,,,,1,,1,1,4,,1,9
548,,,,,,,,,,,,1,,,,,,3,2,4,,1,4,15
549,,,,,,,,,,,,,,,1,1,2,1,,1,3,2,,11
550,,,,,,,,,,,,,,,1,,2,3,,1,5,1,,13
551,,,,,,,,,,,,,1,,1,1,1,1,1,,3,,,9
552,,,,,,,,,1,,,,,,,,,1,2,1,3,2,3,13
553,,,,,,,,,,,,,,,,,,,4,,3,2,3,12
554,,,,,,,,,,,,,,,1,,2,1,,2,3,,4,13
555,,,,,,,,,,,,,,,,,2,3,1,1,4,,4,15
556,,,,,,,,,,,,,,,,,3,,,2,4,,1,10
557,,,,,,,,,,,,,,,,,1,,1,,2,,3,7
558,,,,,,,,,,,,,,,,,,2,,,2,2,3,9
559,,,,,,,,,,,,,,,,,,,,,3,,5,8
560,,,,,,,,,,,,,,,,1,,1,1,,2,2,2,9
561,,,,,,,,,,,,,,,,1,1,,,1,3,2,1,9
562,,,,,,,,,,,,,,,,1,2,,,1,4,,1,9
563,,,,,,,,,,,,,,,,1,1,1,1,1,3,2,,10
564,,,,,,,,,,,,,,,,,1,,1,,1,1,1,5
565,,,,,,,,,,,,,,,,,,3,,3,6,1,2,15
566,,,,,,,,,,,,1,,,1,,1,1,1,1,3,,2,11
567,,,,,,,,,,,,,,,,,,,,1,1,2,2,6
568,,,,,,,,,,,,,,,,1,2,1,1,1,2,,,8
569,,,,,,,,,,,,,1,,,1,1,1,1,,4,1,3,13
570,,,,,,,,,,,,,,,,,2,,,3,5,,2,12
571,,,,,,,,,,,,,,,1,,2,1,,1,,2,1,8
572,,,,,,,,,,,,,,,,,,1,1,,3,,5,10
573,,,,,,,,,,,,,,,,,2,1,,,3,,1,7
574,,,,,,,,,,,,,,,,,2,,2,,2,1,5,12
575,,,,,,,,,,,,,,1,1,,,,2,1,3,,4,12
576,,,,,,,,,,,,,,,,,,,1,,6,1,2,10
577,,,,,,,,,,,,,,1,,,1,,1,,1,,2,6
578,,,,,,,,,,,,,,,,1,,,,,5,1,2,9
579,,,,,,,,,,,,,,,,1,1,,3,,1,1,,7
580,,,,,,,,,,,,1,,,,1,,1,,1,2,2,4,12
581,,,,,,,,,,,,,,,,,1,,2,,2,4,2,11
582,,,,,,,,,,,,,,,,,2,1,2,,5,,6,16
583,,,,,,,,,,,,,,,,1,1,,,2,,2,1,7
584,,,,,,,,,,,,,,,1,1,,1,2,2,2,,2,11
585,,,,,,,,,,,,,,,,1,,,1,1,4,,,7
586,,,,,,,,,,,,,,,,,1,1,1,1,1,,2,7
587,,,,,,,,,,,,,,1,,1,,2,1,1,2,3,1,12
588,,,,,,,,,,,,,,,,,,,,,3,1,3,7
589,,,,,,,,,,,,,,,,,,2,3,,4,3,1,13
590,,,,,,,,,,,,,,,,,,,1,2,3,2,7,15
591,,,,,,,,,,,,,,,,1,,,,,3,,5,9
592,,,,,,,,,,,,,,,,,2,1,2,1,5,1,1,13
593,,,,,,,,,,,,,,,,,1,,,,3,,,4
594,,,,,,,,,,,,,,,,,,,,,3,1,2,6
595,,,,,,,,,,,,,,,,,1,,,3,1,,2,7
596,,,,,,,,,,,,,,,,,,1,,2,2,1,,6
597,,,,,,,,,,,,,1,,,,1,,,1,4,1,2,10
598,,,,,,,,,,,,,,,,,1,1,1,,4,,4,11
599,,,,,,,,,,,,,,1,,1,,1,1,1,3,,1,9
600,,,,,,,,,,,,,,,1,,1,1,,,1,1,2,7
601,,,,,,,,,,,,,,,,,2,,,1,2,,2,7
602,,,,,,,,,,,,,,,,,,,,3,1,,2,6
603,,,,,,,,,,,,,,,,,,,2,,,1,3,6
604,,,,,,,,,,,,,,,,1,,2,,1,4,2,2,12
605,,,,,,,,,,,,,,,,,,2,2,,6,,1,11
606,,,,,,,,,,,,,,,,,,1,,,3,1,1,6
607,,,,,,,,,,,,,1,,,,,1,1,2,1,1,,7
608,,,,,,,,,,,,,,,,,1,2,,,6,,1,10
609,,,,,,,,,,,,,,,,,,,2,,1,1,4,8
610,,,,,,,,,,,,,,,,,1,3,1,1,3,2,2,13
611,,,,,,,,,,,,,,,,,,,1,,2,2,3,8
612,,,,,,,,,,,,,,,,,,,2,1,,,2,5
613,,,,,,,,,,,,,,,,2,,,,,3,2,5,12
614,,,,,,,,,,,,,,,,,,,1,,3,2,,6
615,,,,,,,,,,,,,,,,1,1,,,,7,2,3,14
616,,,,,,,,,,,,,,,,1,,,,,1,1,1,4
617,,,,,,,,,,,,,,,,,,,1,1,2,1,1,6
618,,,,,,,,,,,,,,,,,,,1,,1,2,5,9
619,,,,,,,,,,,,,,,,2,,1,1,,2,,,6
620,,,,,,,,,,,,,,,,1,,,,,6,,4,11
621,,,,,,,,,,,,,,,,,1,1,,,3,1,,6
622,,,,,,,,,,,,,,1,,,1,,,,3,,2,7
623,,,,,,,,,,,,,,,,,2,,,2,5,,2,11
624,,,,,,,,,,,,,,,,1,,,,1,5,2,1,10
625,,,,,,,,,,,,,,,1,,,1,,,5,3,7,17
626,,,,,,,,,,,,,,,,,,,,,4,1,3,8
627,,,,,,,,,,,,,,,,,,,,,3,3,2,8
628,,,,,,,,,,,,,,1,,,,1,1,1,1,,3,8
629,,,,,,,,,,,,,,,,,,2,,1,3,1,4,11
630,,,,,,,,,,,,,,,,,2,,,,2,2,3,9
631,,,,,,,,,,,,,1,,,,,,,2,1,2,4,10
632,,,,,,,,,,,,,,,,,1,,1,1,1,1,2,7
633,,,,,,,,,,,,,,,,,,,,,2,2,4,8
634,,,,,,,,,,,,,,,,1,,,1,,5,,6,13
635,,,,,,,,,,,,,,,,,1,1,,,3,1,2,8
636,,,,,,,,,,,,,,,,,1,1,,2,3,1,2,10
637,,,,,,,,,,,,,,,,,,,,,4,,2,6
638,,,,,,,,,,,,,,,,,1,,,1,1,1,2,6
639,,,,,,,,,,,,,,,,,,,1,,4,2,10,17
640,,,,,,,,,,,,,,,,,1,,,,,1,2,4
641,,,,,,,,,,2,,,,,,,,1,,2,,,3,8
642,,,,,,,,,,,,,,,,,1,1,,,2,1,2,7
643,,,,,,,,,,1,,,,,1,,2,,2,,2,,7,15
644,,,,,,,,,,,,,,,,,,,,3,4,1,1,9
645,,,,,,,,,,,,,,,,1,,,,,5,,2,8
646,,,,,,,,,,,,,,,,,,,1,1,6,,5,13
647,,,,,,,,,,,,,,,,,1,1,1,1,6,,2,12
648,,,,,,,,,,,,,,,,,,,,1,6,1,1,9
649,,,,,,,,,,,,,,,,,,,1,1,1,2,4,9
650,,,,,,,,,,,,,,,1,,1,1,,1,2,1,,7
651,,,,,,,,,,,,,,,,,,,1,1,3,1,4,10
652,,,,,,,,,,,,,,,,,,1,,,4,,2,7
653,,,,,,,,,,,,,,,,,,1,,1,3,3,2,10
654,,,,,,,,,,,,,,,,1,,,,,1,,,2
655,,,,,,,,,,,,,,,,,,,,,2,2,6,10
656,,,,,,,,,,1,,,,,,,,,,,3,2,2,8
657,,,,,,,,,,,,,,,1,,2,1,,1,3,2,2,12
658,,,,,,,,,,,,,,,,,,3,,,1,1,1,6
659,,,,,,,,,,,,,,,,,1,,,,1,2,,4
660,,,,,,,,,,,,,,,,,,1,,1,2,1,1,6
661,,,,,,,,,,,,1,,,,1,,,,,4,,1,7
662,,,,,,,,,,,,,,,,,,,,1,2,,,3
663,,,,,,,,,,,,,,,,,3,,2,,6,,1,12
664,,,,,,,,,,,,,,,,,1,,,,,,1,2
665,,,,,,,,,,,,,,,,,,,,1,4,1,1,7
666,,,,,,,,,,,,,,,,,,1,,,4,,6,11
667,,,,,,,,,,,,,,,,,,1,,1,1,1,1,5
668,,,,,,,,,,,1,,,,,,1,,2,,2,1,3,10
669,,,,,,,,,,,,,,,,1,,,,,1,,2,4
670,,,,,,,,,,,,,,,1,,1,3,,,,,1,6
671,,,,,,,,,,,,,,,,,1,1,1,,3,,2,8
672,,,,,,,,,,,,,,,,,,1,,,3,1,2,7
673,,,,,,,,,,,,,,,,,,1,,,3,1,,5
674,,,,,,,,,,,,,,,,,,,,,1,1,2,4
675,,,,,,,,,,,,,,,1,,,1,,,3,1,2,8
676,,,,,,,,,,,,,,,,,,,,,,1,1,2
677,,,,,,,,,,,,,,,,,,,,,6,1,1,8
678,,,,,,,,,,,,,,,,,,,,2,4,,1,7
679,,,,,,,,,,,,,,,,,,4,,1,6,1,1,13
680,,,,,,,,,,2,3,1,,,,1,6,2,3,2,19,7,6,52
Grand Total,255,299,279,360,615,1039,455,245,1846,864,1154,704,570,377,456,548,1051,784,435,361,954,390,785,14826
